"","1_Disease","2_Disease","3_Disease","4_Healthy","5_Disease","6_Disease","7_Disease","8_Disease","9_Disease","10_Disease","11_Disease","12_Disease","13_Disease","14_Disease","15_Healthy","16_Disease","17_Disease","18_Disease","19_Disease","20_Disease","21_Disease","22_Healthy","23_Disease","24_Disease","25_Disease","26_Disease","27_Disease","28_Healthy","29_Disease","30_Healthy","31_Healthy","32_Disease","33_Disease","34_Healthy","35_Disease","36_Disease","37_Disease","38_Disease","39_Healthy","40_Disease","41_Disease","42_Disease","43_Healthy","44_Disease","45_Disease","46_Disease","47_Disease","48_Disease","49_Healthy","50_Disease","51_Disease","52_Disease","53_Disease","54_Disease","55_Disease","56_Disease","57_Disease","58_Disease","59_Disease","60_Disease","61_Disease","62_Healthy","63_Healthy","64_Healthy","65_Disease","66_Disease","67_Disease","68_Disease","69_Disease","70_Healthy","71_Disease","72_Healthy","73_Disease","74_Disease","75_Disease","76_Disease","77_Disease","78_Disease","79_Disease","80_Disease","81_Disease","Ref"
"A2MG",17.8688183358521,17.0311277597327,18.0918601018361,17.0019537678903,18.0919543224731,17.0622853269589,17.1449334446402,16.9936167199377,16.9856743050026,16.6228413110964,17.9021985839369,17.4161915733467,18.4086524508179,16.6646323780915,17.757670877766,17.5937473150671,17.0615115658963,17.9674556848365,17.9752865069163,18.2216231693907,17.85149763478,17.6007799172835,17.1790657350731,16.9594444584677,16.7484776332891,17.6180858482585,17.4964913542378,18.0384798117521,17.7306280212662,18.3316005855188,18.9190547642356,18.2278727139757,17.2755072766743,17.8200837870066,18.1001005258546,18.2481162485674,17.5760887994108,17.8399513249754,18.655621250951,18.0615443496376,17.7132510611766,17.6904193821607,18.5143394546825,18.0914683088023,17.2475305518893,18.1926148868476,17.390452930892,17.9667736393737,18.2532614836378,17.6413111305912,17.5515688798865,18.7825373039772,18.3633349516969,18.6813120969098,18.7137220131783,18.6250936066076,18.1814390940628,17.2359015213347,18.3061243599797,17.9959622369166,17.6320917727879,18.2624731855454,17.9902327179368,17.9131598040799,18.503548338559,17.4318583504629,18.7406240324161,18.2787520783576,18.4094922863331,18.2795762271253,19.4146313431191,17.860693614924,19.0467597011789,17.58034998674,18.9399058491478,17.7922854298481,18.769360283675,19.5044773285566,18.8858477080493,18.8566349240656,17.8788646762864,16.5929797810545
"AACT",20.0219852564146,21.2132870258847,21.6234679366339,20.343077100323,21.4112594765317,21.8110291126407,21.8764158079067,22.6203396931968,20.8467397646342,20.1538046520466,20.2743804447826,19.9801142002651,20.4201080504097,21.8869190170083,20.4313002986851,21.6444171193636,20.882414544923,21.0546365419344,20.9391417825586,21.6985809433276,20.9785100483439,20.3194416243779,21.9810257807758,20.9825474646143,22.2501715321988,21.1993978224743,22.3802728740442,20.3858808056497,21.0172665905891,20.3967558692001,20.5865262484525,20.5295877527941,21.1794447576362,20.8541195315605,20.9161490252847,20.6533811048794,21.0513779659577,21.7321405549798,21.23587324902,22.2051984328208,20.5469471967956,21.9755224596065,20.5265188421662,21.3097240219933,22.1431902742298,21.510287209034,22.1584110121117,21.6387110956179,20.511374015714,22.1127178834903,21.1129775803593,21.1897854224019,22.0109376261746,20.5467917588087,21.4424356299149,21.1882312572039,20.510359529588,22.6327179720441,20.4883302430606,21.5574896617699,21.5335516621577,21.1114214301253,21.0858109526138,20.9441794767176,20.9579477567068,22.3918075538267,21.2826386198141,21.7134848796271,20.7060359474236,21.1168485409933,21.5994950823732,21.199895217938,20.5050316046097,21.5621384920349,21.6055140710944,21.8770395657107,22.557617069473,21.6119185636819,22.4955307914519,20.4917716117864,21.6306902709795,20.0778959984581
"APOA",19.6496342491919,13.8402398044666,14.2081909607692,12.6861869260224,17.899793450869,17.2084912313899,17.7628921916552,17.7549290911804,17.4149439328446,17.7091691971215,16.2252123641799,14.7266471673625,17.210135246898,17.7066801684271,15.0799719115686,13.4056619587859,12.6862905256663,15.7378162944164,16.3944950717315,15.7843768825836,18.8594275291492,16.7756226899981,18.1213481990765,16.008831971229,18.1895008136314,14.8669877998048,15.4518865411064,13.8402266958018,15.6148674854551,16.5328165430555,13.7300991259831,14.7782564390426,14.8536529339977,14.8765692408477,19.1234667826505,12.7059482015259,17.7234003514738,15.36382662466,17.9417257999009,17.5672964253431,15.1681361773416,13.7222744892815,14.1266026227179,12.9620534565929,16.7780004940024,15.3882249296747,17.1920893569762,14.746389698445,14.6027115186746,15.8597217033035,17.4475582581965,13.9728853155682,14.8719975240129,15.1297591900154,17.5758617271517,16.7721689578806,15.0764321842507,15.1959451593772,18.6904714998598,16.7978237592726,17.2096039255042,17.1906850842469,17.5187588301775,15.1703023655685,12.344065159324,14.7527387018081,17.4572139480162,16.641886916831,14.0547909319088,14.9932753304461,16.0481974574961,17.4459673932692,14.0188019356186,16.6218390990437,12.5987347013761,17.7044892972713,16.3560307355155,14.3198511270148,17.7012344578492,14.4542042567346,17.0283410285729,16.5721889460754
"APOA1",22.3184944897117,22.1291045056951,22.1570148086053,22.1284538814395,22.111277100106,22.1214594689798,21.5529171712729,21.7157807106968,22.4073567498509,21.7826296532597,22.3438444180888,22.1427649922843,22.0067816752244,22.1267758688843,22.2514306203795,21.9702254273789,22.3884812920787,21.9667237112152,22.396690661975,21.7949507435897,21.8269314647388,21.8824836738523,21.6941264998258,21.400482041095,21.732374351815,21.9678737823714,21.6218197790965,22.707221991057,22.3563049571769,22.8718751229829,22.2346269476691,22.1339041627738,21.9953961267634,22.6922595489655,22.4217494240114,22.3731420595022,22.3774063790818,22.3477485202418,22.6665219634976,22.2153594349058,22.2916662736098,22.0183459588424,21.8572421910724,22.4719382489148,22.7011814135916,22.4447789858699,22.1316935688807,22.4757793679076,22.5560731935273,22.5809946991473,22.7786633367627,22.9385901237262,22.3984384682236,22.0644194511057,22.7987896047626,22.6611104065793,22.4212358562147,20.9759405492853,22.56330792067,22.1378036754622,22.6305664215237,22.6806767235469,22.9264955602261,22.6919947738104,22.7827350367319,22.1377550245006,22.7823220043341,22.4267795543328,22.388124713491,22.4766440548741,21.9760237565293,22.6141926456343,23.0283129595976,22.3395585726916,22.8257989670429,22.5811718463168,22.1493456403758,22.9054311578217,21.913632594198,22.8115097315588,22.2134839172488,20.2711134277856
"APOB",19.1798528496255,18.0618623255371,17.6906251291565,17.9312858064203,18.6275543847751,18.2513576033807,18.3924029489263,18.299990479079,17.8583771756527,18.005853095588,17.7741576440493,17.703890492455,17.7941184126431,18.3259912945972,18.0467235892218,18.4281510369242,18.2813887395596,18.6471157951129,17.9164704586844,19.1400445736137,18.5773324353195,18.1417552134488,18.5927632299842,18.0651183332182,18.159041125476,18.6680338727416,18.4623936708363,17.7067443580749,18.6431049643987,18.2845624240409,18.8824239892634,18.2430815201633,17.4763642007806,18.3523249790816,19.0596702075125,18.166348979339,18.2668983543293,18.229962565672,19.1310660203322,18.8282748515106,18.6386835038405,18.0681444213692,18.8212666171093,18.7619012838318,18.4433328101487,19.0323169272567,18.5279432412147,18.5865022828184,19.0448086367823,17.7149223940981,19.0070411553436,18.4313420520345,18.5711361508704,18.5232046191419,18.3266348934271,18.9977568485153,18.5955554437577,17.8641961203552,19.0675001818818,18.694779503194,18.6597139556749,19.2003788780797,18.8891214788333,17.8811847561097,18.7414460222855,18.0956577357674,18.3062191889617,18.9447699384731,18.467689945518,18.4075896581565,18.2131811906362,17.9584308365392,18.7315034309764,18.5616340746257,18.991913561336,18.7964849099531,18.736432286951,19.183848843788,18.8660261600259,18.4760795393161,18.4841605122167,17.8164202536299
"APOE",17.441384464877,15.5851412539732,17.1128315691413,17.0354970627199,16.9003356640344,16.7409433006518,16.1798333651837,16.0654690872814,17.0776930603506,16.5857653533981,16.3145881002199,15.9442696133178,16.4322053009111,16.1610525069271,16.5673099720011,17.303862951932,16.424155416351,16.5445362639294,16.4193572372837,17.1047006728353,16.9550404856198,16.1225111654653,16.4840962495699,16.5420937333772,16.5314840570671,16.6242726579435,16.3270345831664,16.5668565516532,17.0103949370571,17.0832681106895,17.1862379416245,16.705851590452,16.6504771925446,17.3255732266758,16.6201732960064,15.2778687821135,16.7176148976518,16.6487420201376,16.3937479996328,16.3671492996189,19.4807185451891,16.483656688701,17.1477699140458,16.5904842580783,16.7877501512685,16.9905483255518,16.7039099413833,16.6254813113592,17.1679746217613,16.647710740975,17.0232701076257,16.6216599826333,16.4759573761251,16.7770071022533,16.6361719090252,16.3677468584528,16.5689592237291,16.6847190107697,16.7883002417947,16.8530121182965,16.6074966568576,16.9267529711708,16.5891153493245,16.9700424150361,16.5468098484009,17.2798382722073,16.2424955165691,16.4949475593053,17.6740627931186,16.5641526964329,16.3431436728033,17.3092100241892,17.1216393949336,16.602411030176,16.6933904003343,16.6341656474069,17.1428612372465,17.2858139204369,16.7650496877373,16.7221147690164,16.0727487363688,16.0919671527829
"B2MG",14.7449226155647,13.85505074479,14.2728422897381,14.184740830773,14.472545020595,14.4373763208867,13.8284342739154,13.8105808509639,13.9162602398065,12.9203472894634,13.2775189214191,13.1499078658663,14.1815089363824,13.7369524672942,14.286114645109,14.2719920959949,13.6404486951226,14.6174260051813,13.6048507729793,14.7869768006911,14.9485573138458,13.6610797016979,13.7342521843082,14.3529946222856,13.5258759866955,15.1215118499125,14.3639497769019,13.3181862748601,13.77012866729,13.017238708412,14.6900963064682,13.3505047363081,13.6157955621725,13.263108074482,14.6028538215398,13.6191944821796,15.0292845459016,13.5034885375921,14.0645778940165,14.1765935806215,14.0738330441714,13.93462387761,14.44838894091,13.7265864865388,13.7245156727755,13.1006413561904,14.4382449682609,14.0561387029596,13.9449645262566,14.608943075154,13.9752917987582,14.051485555682,14.2363006927831,14.4220693315158,14.2514913294247,13.7493273963352,14.121832267101,13.4548687068228,14.5523279722208,13.8369364032437,14.3578365176919,14.4975519253447,13.6239644768741,13.777150305257,13.7791295674761,13.5859709372661,14.5171609189723,14.526503589982,13.6648225571785,14.1424034133283,14.8218031966542,13.4782453865064,14.2169895413167,13.7696645603556,14.8827386084342,14.1295231527013,14.9175752540692,14.1151911570503,14.2069371772534,13.8588787858137,13.5317957161077,16.4139152719986
"C1QA",18.0029022408686,17.8787569101878,18.1911310034767,18.1736969386609,18.2461613769661,17.9094437010052,18.5622793022737,18.1935168964222,18.0662461113981,16.8668633895492,17.861413047548,17.6582598782461,17.6283708995591,18.1097801231862,17.8415870499574,18.3041828075361,18.223964683927,18.211647368597,18.0735545212134,18.6515015615539,18.1441698554781,17.1222001227864,18.2886077470384,17.6381562504081,18.0727992577978,18.1733756676081,17.6342256245322,18.0822670576814,18.3938913348394,18.1833111084955,18.0879301910169,17.7439504263477,17.971705956529,18.0087545797801,18.3747583941519,18.3319467117262,18.5801762437612,17.8432032847718,18.1448949254787,18.1828562934916,18.2748301816011,18.1016689858562,18.5222795833322,18.3669403956672,17.5519391556259,17.7598523230896,18.3153780322048,18.2438545393145,18.1387482352046,17.7738015564299,18.3658179698766,18.1688701069495,18.3181304290759,18.1051505345022,18.1583641909555,17.9873504831524,17.7012268459158,17.6921417430779,17.8586093955536,18.5424279726595,18.4670802404945,18.3966658354161,18.612955888277,18.290978155448,18.3519833849272,18.180685333134,18.2821340323051,17.6378823849095,18.2375200552753,18.2555769483142,18.0615702471735,18.1728472916699,17.9224693212651,18.2108190419841,18.7132718627333,18.4930474697328,18.4342706120142,18.8939081057416,18.5773724344066,17.4605035657328,17.5271617080618,18.4725040782733
"C1QB",17.242225680891,17.3476439300664,17.4082457730312,17.4299669437672,17.5887736836274,17.2550552892984,17.8066096297047,17.5557142872937,17.4365917240764,16.3509334467758,17.3726789869494,16.9704371454987,17.117404681405,17.5633000142751,17.2432328883418,17.7749918836369,17.4841100688955,17.4694075162891,17.2991519855323,17.7569168039576,17.6355164316371,16.7666964774319,17.5519684113243,16.8705168917573,17.378384351312,17.561572457481,16.8286029279179,17.3248671496495,17.6280595245718,17.2856938716597,17.3546965605747,17.3602758719574,17.4850268271698,17.5200887117953,17.9447923834979,17.6485869808379,17.9716475789267,17.5199149582054,17.6077990547302,17.3624306326278,17.7083482465902,16.9944033747489,17.8965134147295,17.9125175685067,17.204434773132,17.3742102569119,17.6806161610289,17.5979050429876,17.5486342865223,17.0433862011941,17.6056073129595,17.5516211907402,17.8179079156714,17.4800348579821,17.705330513188,17.2511523028594,17.4209841961719,16.7409675460804,17.1018428054456,17.5481185221227,17.7273833205033,17.6740596591382,17.6813045446285,17.4413100216198,17.4968675639261,17.278007539538,17.6318257696846,17.2631730410896,17.5699469357402,17.5771022526125,17.3094837637215,17.5246511833178,16.9167122546688,17.2513236206014,17.9308716281572,17.6598394074639,17.2546375021818,18.0176981715653,17.833727327055,16.9635445631894,16.9875461898658,17.0007777670397
"C1QC",19.1402399916689,18.9903888765906,19.2205247673881,19.201876589683,19.195735563248,19.0686158532298,19.7309320556202,19.5377772784765,19.1173938226611,18.1188058437967,19.0502195500752,18.644885449656,18.7689942619668,19.329524784217,18.8739988405958,19.3825044405622,19.1591979416102,19.3809809927131,19.1634323538756,19.645263894624,19.3746398666434,18.5500286806621,19.3050406203201,18.6923970849098,19.2797568983331,19.2475073050108,18.5969138931818,19.1112321656076,19.2830790951281,19.0578609066905,18.977882758672,18.8117063831916,19.2724826401117,19.0953611861655,19.4280135611993,19.5184865574325,20.0729780682673,19.0979201218612,19.3096259615267,19.3042367276787,19.4766629640622,19.2930438056254,19.5928501462856,19.4718384728167,18.783308679113,19.1125308446794,19.4495864901512,19.3607859067548,19.1978808185002,18.9221688584598,19.5292745640284,19.2067935347954,19.4609778020418,18.9954846302247,19.4869604671828,19.0030993524665,18.8591782680182,18.861779153135,18.994742793056,19.5812537934421,19.5310042489854,19.3346147489445,19.3986110397278,19.3965656940831,19.2532265769592,19.5342637160995,19.8002676444914,19.4387263174109,19.3333468194644,19.2210901665493,19.022537140626,19.1567687395612,18.7296246510793,19.1101351130775,19.7791204661388,19.458182969242,19.3870091418034,19.7888366733729,19.8492510020577,18.4989008559182,18.5158535808802,18.7849005870417
"C1R",16.0480652253751,16.3839957608263,16.1350876409181,16.2106965506076,16.4665435632275,16.1481033519319,16.6084387233213,16.692367924022,16.3079500875017,15.1330259745236,16.1027266909149,15.6672583660741,15.6147319101611,16.5546743053144,15.9274983065549,16.3713132657936,16.3066897235881,15.8870583266802,16.0288327709096,16.7992878213711,16.1229340428378,15.525876621601,16.6139902875624,15.8013348242439,16.6281367006907,16.3981995528476,16.7006659800461,16.0219797594118,16.3972432485087,16.2336766295765,15.8615558918152,15.9548094385761,16.1479484967118,16.1329355331008,16.3233744278336,16.374164398145,16.5931516694764,16.6880585438536,15.9986223391556,16.5235338116075,16.3728141967465,16.3717422400158,16.388960904073,16.328226357339,16.3742246292217,16.1545029267141,16.6661924105293,16.4050474792805,16.1658206893469,16.2472679326874,16.4037951595668,16.4319941448374,16.5725311247131,16.2484067405478,16.4955961290543,16.2175925453551,16.0198212229048,16.2984306378799,16.0391354705793,16.5068958026525,16.4494587063146,16.2558819270976,16.3760639424118,16.3058768411874,16.1302035882804,16.921470129017,16.3571831221593,15.8937520203663,16.1956416333101,16.3022359851651,16.4275591810264,16.3798943844647,16.0337324101301,16.6008415306186,16.6890820298249,16.6131990541926,16.6180383679167,16.7025773595835,16.5356643218109,15.9726551512734,16.2701446357445,19.019844237189
"CADH5",15.0957439991296,14.8581395750291,15.3153779795252,14.3491030117892,14.1961316269512,14.2553384435894,14.295521648869,14.1178560632667,14.2671394888403,13.5790014754358,14.4023250831087,13.7471182043699,14.5382900269802,14.1195068985333,13.9689448516275,14.2030043803876,14.7043007955899,14.6891666441471,14.3833970734878,14.6112884553994,14.4375183881564,14.9229813919471,13.9209729437565,14.2621153115676,14.0235191070167,14.2233947047724,14.1150506098949,13.7073408013326,14.4349229837636,14.3226164343975,14.7052010512951,14.8389577548508,13.8387128755157,14.3524100958341,14.8725046979529,14.9552998701758,14.8040347944373,14.1711336799874,14.4917792585127,14.5237924283326,14.7065582301683,14.5618506354934,13.8757486746002,14.2062062872111,14.8050027624762,14.1764119558201,14.3627482835506,14.383450390122,15.1122056505906,14.4360664704039,14.095815535816,14.4190647843283,14.6037112248558,14.7644059028195,15.0714294734298,14.8584214937762,14.8502854534851,14.9378192405833,15.3273325379795,15.0987649084125,14.9902646668938,14.5622127831146,14.0263890260687,14.2901932852231,14.9167596445507,14.3122176513745,14.7987889941197,14.642305919892,14.8504190961,14.7853887722892,14.223416519629,14.7958584406485,14.397997264941,14.4296172322743,14.6321145661669,14.3083468714731,14.4757146303744,15.0534511141036,13.9666504303002,14.6357963201984,14.2149004088569,18.3452334264254
"CCNH",13.9164491312188,14.5494036259905,14.0819569506807,13.0121198598436,12.9084418924688,13.6735350326145,13.3326059028974,14.7183638105729,13.9621757954293,12.9260934097727,13.9725160901464,12.4422464010012,13.5918664284348,13.6349061989968,13.1613001547518,13.6059539437114,14.2961827593961,13.8296064551655,13.6016995564274,14.7831117907133,13.7244201554886,12.6979789152267,13.8710550164768,13.5311990999974,12.7741286659106,13.4000768523122,13.4781416148464,13.6573199016448,14.4948760702116,13.4926361980241,13.1870833390815,14.0746034897885,13.8304209094443,13.6923652895095,14.0261924906825,11.7088864355049,14.5034698690724,14.1647910259492,14.167007173302,13.7421950149467,15.0144939482691,14.8042307466654,14.9941038304154,14.5832069632157,14.3547777752259,14.0225280349174,14.0856242087179,14.3709395958827,14.2259046994269,14.2897453993856,15.6314364166128,14.6208724965176,14.7753417047051,14.9337776286952,15.1945261632003,14.5411448257318,13.9863142676707,14.1084171094809,14.2674601257841,13.5655478392566,14.7547608676124,14.5651720032033,12.5746693484332,12.4489856989827,13.6134749965184,13.6119684085921,12.9703890120111,13.6098146621998,12.7125194220209,13.5165501404807,14.152631942032,11.9382949461423,11.745257889943,11.7801538513951,14.3685474518872,12.3199267484473,13.0015977284743,13.3600204159067,12.3753922509952,13.6131102109805,14.7836322629414,18.5905986205583
"CFAB",17.6398633435839,17.9189233110304,17.9654230447457,17.3549711540173,17.9181185858622,17.78796711893,18.1538412247972,18.3461975665742,17.8577228744452,17.0277221040956,17.4141799855488,17.1714386544929,17.3115895696591,18.5303637950421,17.0259642639434,18.2850637729602,17.9068990642633,17.6334609974156,17.7016762336919,17.7762941595244,17.490892747201,16.8124897027745,18.0304612613593,17.3953927874045,18.1136559027156,17.5409382906255,18.5610696955957,17.4992126714307,17.793696048703,17.4011581369623,17.2250353084291,17.47302132576,18.0872377443712,17.646722725344,17.7907460919451,17.8896939457035,17.3581203986316,17.8030219118753,17.5876812209198,18.4641549068065,17.0567703307242,18.1875350480568,18.2782888788614,18.106804258503,18.1169219008033,17.6739097124783,18.293440797141,17.7294396686508,17.4666323683952,18.0359374971083,18.1072540963226,17.4824401067255,18.2893548726758,17.3583796953924,17.6991313417252,17.7976243308251,17.2479788155989,17.885003760577,17.5539560102364,18.1446559877214,17.9646831298735,17.3787199348638,17.4189859092752,17.6178070139269,17.6070140065099,18.5573916009077,17.6161961587021,17.9677884151803,18.3231711476168,17.5851917029804,17.947233722582,18.1099217616662,16.8487428639751,18.0289094185709,17.8397839655195,18.1865603300342,18.2058463878324,17.5863017270556,17.9003666656066,17.2560943839274,17.6857354272589,18.1954145867625
"CLUS",19.060740242057,18.8421136897468,19.2281535052387,18.8497893285117,19.0165509204914,19.0058022202042,19.3583079271432,18.7662610320981,19.0377419937399,18.5324242459612,18.9017637402295,18.8086605705534,18.8178193042438,18.9555029304695,18.8012592078667,19.157350571062,19.1238773136326,19.2055786374464,18.9172219426018,19.1950853778597,19.219983026756,18.5723784796187,18.5950054550557,18.6102881237406,18.5824362610853,18.857086098482,18.8499005572275,19.0784608300765,19.2161029299164,19.2908157054459,18.8565398394312,18.9701016117222,18.7339110770302,19.1738913372801,19.3244595545837,19.4335720904727,19.1523817888225,19.2556816264927,18.922003430453,19.4552797711072,19.3237861887708,18.862437117369,19.1438135748315,19.3625745709978,19.2328313281188,18.764539165856,19.0435269367137,18.8969314957057,19.1578303335667,19.0798435547558,19.2681935276403,18.987118713809,18.9309839031852,18.9765665576362,19.0825009922751,18.8235495361085,18.9684166571303,18.373876454687,19.0912346224591,18.9584147908253,18.748662575782,19.2090441300949,19.3167197200238,19.2207838474616,19.060020478648,19.1198729543097,18.96100314177,19.0978651288613,19.1340384164325,19.0464808535333,18.7726043972599,19.47655355701,18.9398250277565,19.1222532417965,19.2359917198187,19.060428047704,18.8144819364165,19.3379842434893,19.0417100300937,18.9908265457457,18.5392835403248,18.3622723441889
"CO3",19.3088829443344,19.1184656666063,19.5862706914446,19.0187484424571,19.2380467059947,18.9647139855543,19.6577339693847,19.6323162752833,19.3113669908823,18.4868972557631,19.0054087080918,18.5879555303709,19.0217518651244,19.4717758742087,18.8698424164256,19.6284036893901,19.6934108803619,19.2693804367236,19.1505830986167,19.6347030977262,19.3043482246248,18.6846055929252,19.8480018855267,19.3823181314951,19.8891137830335,19.3323727927588,19.7955055388149,18.850193092839,19.5644564471337,19.1863585235843,19.2269015774309,19.1896795097375,19.4021919938899,19.4171525062084,19.2027307008507,19.5184046199691,19.2241420098801,19.4916924181329,19.1890444563384,19.9744251963323,19.530791627241,19.745517124673,20.03546780074,19.1245650950495,19.6515023589765,19.097701760386,19.2098272730514,19.539512290845,19.3773061626706,19.5147399623201,18.9046220841066,18.4510365187645,20.7247758444175,22.243946579443,22.4424498493572,18.7833068440957,18.7160250159251,17.7288919919283,18.7950045674662,21.9881151146739,17.847277408779,22.2395713656336,18.359327299257,21.9953847984711,22.3941182342601,23.2608469136146,22.2765658526248,22.654149164921,22.8092999065941,22.775713547258,22.586494002024,22.5682683895088,18.5214535211646,18.2525406539951,22.6266808740725,22.174834031013,22.5873907578108,22.2800666910828,18.4356415744122,22.1731710717582,20.0418962353042,19.7148201953673
"CO4A",19.6833300261055,19.2649455873677,19.6672492550331,19.9655580050895,20.1676059899636,19.7434843612944,20.3989489769743,20.5025398909626,20.1484744888455,19.5644992500209,19.3151729638191,18.6079714685657,19.040946389187,19.6243209818338,19.6777349001644,20.1289356185875,19.6413946347653,19.1673790708682,20.1601666540924,20.1512408768295,20.1112661752573,18.6531782756311,20.891982011325,19.7675097226246,20.150770408551,19.5962629998751,20.6022364481971,18.63248328735,19.6491895155171,19.8415597166542,20.049478357944,19.2054790316045,19.3459916841414,19.1768839755284,19.7394283820015,19.9705396269304,19.3816881651967,20.1051953568092,19.5630720014342,19.3836161778071,19.4913764977524,19.4526442926446,20.2118348252618,20.175300950875,19.8730966901028,19.6956075525902,19.7666361724204,20.6654590938872,20.0668652787422,20.2631493948732,20.2910789814845,20.0502095751601,20.2284665466037,19.3606988755529,19.6372680141521,19.1359708702094,19.2791772951889,19.8814687630138,19.4104843464266,20.2871761700659,19.9800034115265,19.7072368262318,20.7140106489631,19.636618451862,19.3618910280153,20.6059120983817,19.2003308597659,20.1653366561998,19.3251133369503,19.4247963073434,20.0340587109978,19.9817871627569,19.2981530464003,20.066753678982,20.1240719849884,19.6856692500893,20.5311286633319,20.1211224543126,19.5967847740643,19.6103392445735,19.3377491448524,19.2063232083634
"CO5",17.1133574511565,17.1168452885533,17.5376654311158,16.9680355509476,17.3841888457367,17.4836954697323,17.8129450737483,17.3726919677632,17.0585393743447,16.6348259773199,16.8822440946518,16.7524487804329,17.1476624474415,17.2273098394006,17.0500448307287,17.8267551456954,17.3058902425641,17.1322836856983,16.8743430797056,17.4871107917758,16.9857070360175,16.718820356536,17.2232282495288,17.3598286119194,17.5586374786479,17.2124906722904,17.2666214737015,16.8501230435737,17.3948932958216,16.8655392816639,17.0159451521772,17.0365819034365,16.901744608588,17.032992031151,17.2925136543211,17.3921249856671,17.4172620429543,16.5610502925935,17.254202438265,17.4881577858788,17.3528376916175,17.2456449333526,17.2630830744997,17.1818540281382,17.3558720132339,17.2802367946623,17.2411867669715,17.2704590707126,17.2034932086598,17.417829969184,17.4631813090032,16.9622692879176,17.4266456745715,16.850818778042,17.5605599890676,17.4710571957646,16.8654091324984,17.1873109890116,17.1829960317856,17.5655027598553,17.2043872286147,16.7279339105912,17.0826220607156,17.0242099299503,16.9941852911709,17.7342551085563,17.1038789059022,17.3987458871447,16.9764823174465,17.0902957779819,17.2439374007451,17.1106307634324,16.815580238942,17.258908152984,17.1368515214333,17.1377012626968,17.2639052397888,17.6784198622219,17.471127792806,16.8672498478991,16.7829191988216,17.7520220331296
"CO6",16.8111354923457,16.831377790012,16.8867211656299,16.5736408999736,17.1037559822106,16.6967645520966,16.9176830147194,17.1346893414092,16.576371659226,16.3105400888105,16.6791197047969,15.9795600467521,16.6194187893014,17.3154320843278,16.7098414626388,17.3354458772258,16.9168774958246,16.8858518523578,16.7803921994823,16.8811507281724,16.7211340797421,16.3261415277501,17.0852541544748,16.6680347243043,17.3251839133446,16.9988806633277,17.0692036474411,16.6285652961567,16.8784119641635,17.0179571576544,16.7265791779593,16.7476253810934,17.0084641239904,16.8259073790266,17.037496627346,16.492735322453,17.0270460377164,17.1938882662966,16.7068717466853,17.1229699289883,16.7077730272228,16.9867292569609,16.9744777873908,17.0883159293858,17.1740053342469,16.906174623358,17.2573558741736,16.8515262661549,16.8944058094917,16.4523828455032,17.2470221657212,16.9878814770416,17.1396829756355,16.8035910087024,17.1089666405762,17.2774717237964,16.829109425494,16.1493722834099,16.7887019443669,17.1402847016998,17.0076987504938,16.9160201245778,16.8911455182003,16.8894219976289,16.8211794060038,17.3842322245104,16.8028256144928,17.126167318104,16.7016810347413,16.6698153235729,16.7054722389371,16.9833612653413,16.7560565665909,17.053137385961,17.0862271194116,17.2930677831299,17.0890823230238,16.9573267071205,17.0895233284407,16.4641233431386,16.7370568979923,18.1376565364993
"CO7",14.7631298716878,14.2888155680771,14.940390666478,14.4027821593156,14.4323154484691,14.5330964421415,14.5779475364211,14.2481715146838,13.8098970700613,13.1439202294381,14.2242387207952,14.2675966183446,14.5951788585523,14.2957201900207,14.1839632446031,14.767269522048,13.7042908925852,13.9461870339913,13.4722571752877,13.9096363020983,14.1124905358697,13.3658221076168,14.3406668618522,13.8195641611579,14.2080118687885,14.0337789258864,14.3327928296042,14.3327996831299,14.1621500553951,14.0639223975478,14.4532880033466,14.1843652674874,14.6959862649724,14.1333094327323,14.8268531118794,14.3163830141466,15.0484922726503,14.2026468525752,14.4479108058205,14.6146308201538,14.4101880299031,14.9342947482521,14.1750029001722,14.2807843120272,14.5964199018618,14.5188491000559,14.5648928734993,14.4315204677782,14.5101136498578,14.053621360819,14.7793887069768,14.9268243432862,14.7822666829585,14.4009402041182,14.5176036960557,14.9438801087111,14.5559726924144,14.8728452905774,14.5893965307422,14.5555213106671,13.9782792272974,14.4422054034354,14.8267286843373,14.5535058269507,15.2158975934861,14.6098782437252,14.9710635742901,15.2135350351135,13.8863379577077,14.4156765957754,14.9704954847122,14.0701566348467,15.2129450152097,14.6794281023905,14.8548063335655,15.1076958027798,14.9982537809679,15.1615836339127,14.835570445354,14.4091792556076,14.3620042482406,15.5454722923388
"FN1",16.0632083987997,15.131118264348,15.8610926348968,15.0792696468914,17.3262077517039,15.5391155265752,17.0167754972255,14.6903050760332,14.8998430806547,15.2245716235328,15.0824706919558,14.9913830294197,16.0859807767545,14.9613569725339,15.1169144882902,16.4114191425326,15.2173171216633,16.9030709377706,14.7277102845234,15.063540919688,15.8006429296918,15.8394794029744,15.5030838010321,14.465207474157,14.9890330326193,16.6032605601704,15.1000967828683,16.963703552054,16.4946315694076,15.7897769751,16.1259769712884,16.0520029966286,14.8646652636703,15.640178763713,15.5677587781169,15.3767784232017,16.9238304659811,15.1339763658582,15.2797850734503,14.6874311636162,15.9183665439239,14.4751903414301,16.664469624735,15.8539655642188,14.6582526961458,15.4350693745167,15.0412173752229,15.076652186849,15.1856259885897,15.7187414241499,14.8920882553807,14.1037611448114,15.0098684611716,15.8670856573437,14.4010643821792,15.4326052343638,15.5165330567933,14.6255338121586,15.1272229261259,15.6287971777627,15.1894410900059,16.0747627289755,15.1087086724704,15.2532057285146,15.3023556479581,14.8945648416443,15.6443127422776,15.5252637109889,15.3016637368452,16.0967566973877,15.668311249584,16.359587633619,16.5773152273375,14.9907208967605,16.0770900168491,14.669010263156,15.0066090477452,15.2893458120405,16.3981408522148,15.649792103932,15.968328406425,16.3787413979277
"GELS",17.3514108826118,16.9118525272407,16.4614075898546,17.2120396267885,17.2651812743358,16.2638407178594,16.4224732756655,16.1376844241642,16.6929429595436,16.2171018818151,16.5325004794133,16.4263507650239,16.5224895865218,16.5746768654619,16.8900463733103,16.8733905738962,15.9995645147267,17.2913842061547,17.1923847784598,16.6688129631999,16.4483060987287,16.6191340246151,16.1534937265525,16.1340986099474,16.6514119798493,16.7814143644429,16.8303204376226,17.2784035845661,17.0685307679264,16.9929687684903,17.2977277729865,17.1545159951115,16.8413272239334,16.9920176809575,17.1520707981685,16.9827341093892,17.3065540612069,16.1063139376986,16.7904666342878,16.8461183052747,17.0939813697167,16.8024553924087,17.005016663201,17.0545017400001,16.6418486583502,16.4328662864252,16.7868806100942,16.8276563544395,17.032738997913,16.6144928289374,16.6915290900714,16.6845766576715,16.8798435970644,16.768166899668,16.6470670838838,17.2650385524955,16.8875761101011,15.4902180933474,16.7928147969671,16.8311885805159,16.9901598007785,17.3946694183804,17.1454005306297,17.1051202700652,16.9044558141614,16.3164833898196,16.934936458225,16.5202582467931,16.7519971412708,16.9676740873381,16.5362425454168,16.9197129613138,17.2681895861901,16.6459701650129,17.1540850700317,16.6989922902264,16.2509764015361,16.2562030263072,16.146851767669,16.3653959981345,16.3213011715011,17.8591272732837
"HPT",21.2104873591432,21.7696198135111,22.6328039502987,21.0365052674123,22.0659832063404,21.2738920276688,22.0511369191656,23.2915049790516,21.6578003286183,20.7852283489731,20.8735954718431,20.8183551383181,20.7869353548415,23.0200600279418,21.4234535666102,22.9778544359794,21.4585691965864,22.2775473468487,21.2031247091596,22.4093948432185,22.2030847365857,21.5558207031546,22.7767354550515,21.7398851871726,23.1627688092805,22.499645025703,23.2691440333137,20.8493240772984,22.4972815010767,19.4250651115637,21.554216645666,20.9213914386336,22.4205340851355,22.0408740937261,21.780257496863,21.6778687823181,22.0095341463881,22.9920713017545,21.6695907497924,23.0239551401152,21.2358144255861,22.6459371212844,21.8734224882455,21.4447273759604,22.4177126600074,22.5800416638989,23.0988216196803,22.7905400891339,21.4548545606583,22.6941823076551,22.3405901624703,21.909710005828,23.2995994201659,21.9954953713409,22.4847732580822,22.0827902817649,21.4398401456989,23.1844475786737,21.7743259725551,22.6487093848354,23.006263525772,21.2818606108991,21.8603788814402,21.3135144691079,20.5121019582017,23.0625237030368,22.3737873683955,22.7948151892179,21.7487325837468,22.0241512343184,22.6028421781072,22.4201700796955,20.983790747701,22.9173972081703,21.136296304024,22.5641116319299,22.8404438255268,22.6513151556782,23.4413690123039,21.0271864584947,22.4173362519706,20.2866244347626
"IC1",18.6221085865515,18.5790401899362,18.938425914365,18.4919330371895,18.7953537616475,18.7519513691523,18.6943103479742,18.4691067821889,18.6391198739086,17.9132956827074,18.2256165851091,17.8161981712326,18.2668017891258,18.9535010980826,18.3163451564681,18.7302981841881,18.435820055758,18.8084418241578,17.9169048676941,18.7381761007658,18.5249405289873,17.864194450897,18.9034174496138,18.436508566197,18.6525318066715,18.764737728871,18.9495504469949,18.3881129143478,18.5117832108871,18.7149423167859,18.3943248713374,18.5964547873485,18.5298107145342,18.4257218577027,18.6762190449176,18.1557664500244,18.6658744442194,19.5478291929329,18.5888930286619,18.9904578438143,18.5773551901066,18.9123012229667,18.5100215084225,18.4614226102905,19.2989806604058,18.6008509728654,18.756778994878,18.7201174787578,18.4960674364378,19.3578383728061,19.0137594866971,18.7404356001906,18.772762089617,18.6015585603639,18.5519074150154,18.448224491142,18.3921749448489,18.5640054023992,18.475367853863,18.5898721639571,18.5614114476562,18.5347513688418,18.6975107822447,18.519884672395,18.4159280520884,19.1772975555799,18.4212322984256,18.5763665063323,18.5912729414999,18.3878797670874,18.6044152871351,17.8009713699283,18.4856791836898,19.010960833871,18.6682156109511,18.7959429933052,18.1849654624001,18.490682607648,18.7487918991684,18.6735196928321,18.4012331905813,18.5128183331923
"IGF2",14.5575695847962,14.3427052370514,13.6444709326565,14.2935416534384,14.1020226054078,13.8690574697608,14.1917815752825,13.8432307053182,14.3589530094073,13.8615370797251,14.1151595657281,13.6834294938054,13.9433253017187,13.7750548041491,14.2802126096089,14.3818903562615,14.7933969280606,14.2747850452444,14.1402421515879,14.237937019769,14.2479776374321,13.533776208111,13.7846340803749,13.6609551494532,13.6781329905462,13.8856177487582,13.4732649113605,14.5104502077046,14.2775343758189,14.6181903856211,14.1501430694164,14.0062012033917,14.2937066343537,14.0528087433939,14.5131684733606,15.0754081581868,14.2315385027693,13.809457408848,13.9828015329114,14.4636924311491,14.1808651274273,14.3000901488613,14.3110378445211,14.4565040962746,14.0840408758565,13.9989421740893,14.3416956776449,14.3971684557337,14.2185656537378,14.2734798048969,14.8106210861813,14.3064673429301,14.2621023384426,14.2946465976518,14.8006224298507,14.5055825432164,14.223620445277,13.5135348502906,14.6994066238371,14.4618152003284,14.3806483504538,14.3954799002694,14.3661522439978,13.9500788630993,14.2157624361437,14.4564686756708,13.5950072477084,14.2935915219335,14.3891448555661,14.0268672635534,13.798855076135,14.0797648504584,14.0989780900083,14.3415834599413,13.7284237900675,14.2581441277084,13.6042639389437,14.0347299032446,13.9609667399252,14.1576639693175,13.8782108254416,17.5388417474729
"ITIH4",18.9985361759852,19.1312001885149,19.2851827169764,18.8411947602761,19.3960536328581,19.4436945609679,19.5896721831951,19.7519030838691,19.2490474149567,18.4246454889558,18.9324719052217,18.6181269203698,18.8597207890022,19.5067082028243,18.778523298718,19.480352991455,19.4000519182311,19.2158680380713,19.0971325416101,19.4566809931662,19.1501253872334,18.6371721035255,19.760978918591,19.0201812150714,19.3327236754331,19.3971675671718,19.4693007495951,18.6792087793838,19.0339120379787,19.0216355332287,19.0279583109402,19.059808446313,19.3163472667485,18.9128517744268,19.2650818077512,19.4421917292837,19.2318076168718,19.3786634599999,19.0925944179712,19.7410116896267,19.2558459752385,19.2588466092474,19.2375139495168,19.1676098039702,19.4871006763897,19.5330545946194,18.5341068256392,19.254055070338,19.1219910935748,19.4979264828654,19.5465253948668,19.2599857287973,19.444860418833,19.1900065391934,19.4569085223706,19.20366399177,18.9197895565863,18.9093045432236,18.885583249367,19.2352359020114,19.3043425778349,19.1242925946522,19.0220112394897,19.1534374374965,19.0456558589178,19.7376285957227,19.0808460757902,19.7967327804919,19.1705220921474,19.1076448942152,19.1867991872749,19.4209025771802,18.8978535334374,19.0467727590768,19.2465072050585,19.2653394774701,19.7135031431085,19.2543983884185,19.9369632087305,19.172425027029,19.1398087300546,19.27303626849
"PLMN",17.5493897635688,16.8327855301964,17.8437447741639,17.4956352369142,17.5372917976234,16.8687871831563,17.5300708478945,17.2305138088777,17.182753987699,16.739863114788,17.512651162294,16.3017485412614,16.6875066664355,17.4794872172519,16.8025617126217,17.879250197039,17.2317623373308,17.4123612152941,17.3665508272664,16.6524180641211,16.7870115443687,16.1594020437292,17.3313737462279,17.1569248114035,16.9791531427354,16.9765534218845,17.010157707331,16.7243379169065,16.9768142305579,17.352450425597,16.9154698267149,16.866646739712,17.1789520533436,16.4116794075022,17.1394643576853,17.6856990586365,17.3171632086981,16.7931476410234,16.8854795277219,17.4065455444929,17.2172903091007,16.5458211874964,17.5367280986159,16.9024358203362,17.3763142952272,16.5306110995952,16.9069562331432,16.6944266398697,17.5999233707486,17.1665200424925,17.6685456818719,16.9895681946788,17.8520051353671,16.7933260229747,16.8857541141951,17.2072376604604,16.6391947179296,15.7723851305878,16.8535332628894,17.428558532017,16.7082829882786,16.9916305404886,17.1800959025412,17.0588481941693,17.7164700455155,17.5127266029851,17.1396050248691,17.4407671897557,17.6287722100213,17.6016319784041,17.0021773093369,17.9691209949468,16.8153174000414,17.0737194558672,16.6399338138085,17.031345896534,16.4705084135863,17.4641704520633,16.6943790373668,17.0125777320366,16.6437799262711,18.6277034188927
"PON1",19.0815679639648,18.559539439542,18.4454984706164,19.6169064063759,19.5407874992715,18.5736346947234,18.7683980570462,18.6802592183662,19.7857825946691,18.268108189878,19.2200124184977,19.564787912694,19.0888490321979,18.6501521668587,19.2560114317661,19.2061361655738,19.3730944093711,19.1064913008849,19.8632030586939,19.0361234320695,18.5852409961729,19.0605447228829,19.3421277837676,18.8475375528839,18.7819020814759,18.0593586372805,18.6664107833714,19.4469952175362,19.3413477240463,19.6526356219204,19.0364234887051,18.8093759782976,18.564475311472,19.2425609999054,19.8203570281686,19.5015000071502,19.3881214313403,19.2808913408131,19.3554438629436,18.5402481943391,19.4162930964279,18.903140915106,19.4853110366788,19.1375219763775,19.3095204357966,19.0987968024112,19.0237565394646,19.0348207066946,19.8801105720282,18.6378358901128,19.0968430832281,19.0109182884674,19.0665607447685,18.5264884481033,18.9579258459637,19.1064918317901,18.3893837919051,17.6640401369018,19.6525275903456,19.6925515536549,18.9867000856599,19.4213921655633,20.0092518634356,19.6783634268978,19.8659784690603,19.1738941528349,19.3283152420144,18.7060423325347,19.3153758137904,19.1064415984776,19.1849562627248,19.9362237033909,19.1898845711336,18.936722278578,19.4924940379686,19.4858919418055,18.4789843834351,19.0855699029895,18.6562006021342,18.9570848405011,17.9117735700799,19.9190778041939
"RET4",18.666524644268,17.8641328638544,18.0882766909114,18.1526970047918,17.4521550721687,17.3916612558445,18.022119259252,16.5801213690586,18.4170191543313,17.2302998167813,17.43414239411,17.9941306370843,17.8718530573569,17.3226834748772,18.0161319278872,17.8795819864722,17.9395027583749,17.4999140683358,17.780525534205,18.2496167962261,18.2560436388539,17.6862059399374,16.8561937960634,17.3407004237588,16.8309989985095,17.483557581771,17.3315788172367,18.2434884331802,17.9683412864899,18.4337386631146,18.229663766568,17.3227336386868,16.6257919804276,17.8955322155528,18.5243626001121,18.6453600061183,17.9023591968539,17.6207357839478,17.5912854253216,17.3191751025436,18.9298477466364,17.4870300695404,17.9291785528139,17.9040060172029,17.6320635442579,17.2053088269981,17.0307687655492,17.7237134564495,18.2293459438092,17.629123123808,18.3613244815348,17.8807964756756,17.677411573975,17.4987984139639,17.8526302993472,17.8256999978151,18.0831173867678,16.2938368802002,18.1795937776381,17.7827628698876,17.5724493255256,18.6625087153845,18.4724121165385,18.2742521049313,18.0078721002099,17.641167925758,18.0951814044322,17.8403515216103,17.9650023770956,17.6184918020659,18.0220936664246,17.7265482074323,18.1562934230021,17.8836722096165,18.3467115900415,18.0117493374951,17.5963589458239,17.5138374714386,17.3193827901384,17.763343259709,17.0662667623347,18.7385865983975
"SHBG",15.6062352846577,15.1312544129567,15.0514720626453,13.8302863689424,16.0016611985041,16.0635908128329,15.2441187384281,15.2653814444026,15.6811071210539,14.096485450317,15.9108836565924,16.2919720049159,14.7277990845656,15.9269367197647,14.8407430051224,15.1859613646334,14.7577608630143,15.8625946222294,15.2741987964035,16.2589102649219,14.7906245350481,14.8748752126295,14.9215575339034,14.69378254989,15.2270019378652,16.158242220572,16.2389974486823,15.5546430965703,14.6757708952818,14.8921766539303,14.9998734278976,15.4344479698879,15.622604929067,15.1337956055664,14.9576526386973,16.3440917793921,15.8200156124278,15.9725475994387,15.5198335766947,15.9952773839751,14.6753305394689,15.0133198808652,14.6013558134506,15.4501428981594,16.1989145604805,16.3347121641527,15.8786550283707,15.6498089467013,15.3056475260469,15.95065574904,16.4555737750457,15.6325274240176,14.851344470567,15.817860421234,15.4579355520507,15.9090191799359,15.0425322341579,15.2540308130187,16.1772283979223,15.1647517812855,16.5718228334253,14.7515857053326,14.7424566235211,14.9998183289533,15.1159904103271,15.3427727867811,16.1112991197064,15.51742385209,14.5876154477993,15.0887290257513,14.8978418180032,14.9311017618054,16.0794529770142,15.0864595382835,16.0820604047443,15.2574592887714,16.0613654047724,16.3944096281259,15.4757012732256,14.528582020547,14.9805117779229,18.4831570141237
"TETN",16.3799067927222,16.1078918821368,15.7662646400451,16.4983945461861,16.3375313415221,15.7069809206339,16.046824765184,15.543236915685,16.1959740334449,15.6005839938444,16.0427776084478,15.88477073444,16.0351376709915,16.1089597139099,16.2290212066241,16.0288910362809,16.2520638644468,16.320983234433,16.3579951597646,15.8618135624788,15.7982540275826,15.7569987841523,15.5738272449014,15.4936639706101,15.5476862350502,15.7445852453189,15.6243330740353,16.4451251436525,16.2117371137972,16.4434293750131,16.3360710295623,16.4876009909944,15.7942209149066,16.3344645732458,16.7140279269208,16.349763652302,16.1714732730263,15.6222912707205,16.2735282164172,15.849949364142,16.1531271062249,16.0637134584228,16.2136859043349,16.648801081932,15.9605352568837,15.8214863857877,15.8243892406932,15.9614714431501,16.4631595034943,15.6574437182771,15.9932713289453,16.2279007112696,15.8972458060043,16.2798238447557,15.9022088271795,16.4299157237788,16.1515342290864,14.785685074714,16.4028064996235,16.1949334177953,16.3918364065068,16.4408851183237,16.302198501648,16.417264455691,16.2731605714595,15.7874541912527,16.4169873876838,15.7094142920869,16.2917891195039,16.4157222535601,15.9145789336974,16.4385172855484,16.4930908334297,15.9169779481901,16.2684185502297,16.1309201002312,15.3656995427799,15.608311712775,15.3208987044984,15.8104388699136,15.4367551774605,18.6403589414557
"THBG",13.91377610035,14.3376719862649,14.0604602121582,13.6175141715825,13.9979359035512,14.0282088304441,14.2486910840077,13.7182637005157,13.9751756080766,12.4522682684996,13.9680553506248,13.7062677431365,13.48496298063,13.8150626759814,13.4132942895697,14.0657729330168,14.04694389859,13.9379427371641,14.3114769849114,14.1739881491098,13.6084431727697,13.0250465542854,13.7293982737244,13.3824890890611,13.5733132970033,13.8401632636603,13.8344790220288,13.9252599531231,13.842842328548,13.901717491045,13.8497133980321,13.6562479497354,13.6778482514876,13.6244100672818,13.9877801709878,14.0723242617434,13.6434055459907,13.4794685571663,13.7096007558093,13.8419119033687,13.7541279684738,14.052721481925,13.8552154123225,13.9911699925846,13.7063021453692,13.9984414110364,14.1040564782316,14.224965317125,13.9095734453268,13.5773017239574,14.29830997477,14.0356668459055,14.0456885114267,13.6684688210975,14.0466303863127,14.4463132352799,13.8289620227672,13.488621353283,14.2968777850643,14.2925831181112,14.8164375928855,13.4311447515289,13.4125914920353,13.3843799838084,13.837500059514,13.9261087520026,13.6489706710439,13.4915601080152,13.6084482505273,14.3829826945914,13.9049402706008,13.8660627555721,13.6800169148914,13.5711982037991,13.5876995187946,13.0450533772951,12.5572075317643,13.6716658442309,13.0229181056323,13.140987629183,13.4083987544275,17.6529318669558
"THRB",18.2763315769263,18.376368014209,18.6964467049767,18.3143794131538,18.481484652012,18.4475128132076,18.9133010938699,18.5983911634642,18.2183655227648,18.0015030982233,18.2184641150736,18.014766251243,17.4168091868788,18.7267685471042,18.3052939808172,18.8225851275783,18.6814718560502,18.2337708243911,18.7168121410339,18.6002245952913,18.5024588307465,17.95565578057,18.7244255497735,18.3448150358977,18.5451291310165,18.1820406689639,18.4748959235513,18.2506262459415,18.7100468038312,18.6908295323809,17.8693056926236,18.3700671244134,18.4587073452052,18.4526836820271,18.8600638448391,18.7482840412202,18.5934022922742,18.246561397983,18.4353580627856,18.9134218648387,18.9114224800626,18.2553285237659,18.8908978736781,18.62906055747,18.5845110104275,18.8302204050921,18.5189126176736,18.4617857895361,18.683313966679,18.6315939320479,18.8064309941832,18.5417226773146,18.9622834355661,18.2793178711112,18.7684190372476,18.811128268217,18.3705459064191,17.7590538994629,18.4151667158142,18.6160350236344,18.59641656423,18.7067611626859,18.8552009997593,18.4477387366503,18.6513217400887,18.782260027271,18.5236310065983,18.6161642620137,18.6032104200513,18.6950458032445,18.048333531321,18.5955635818136,18.5513527741744,18.70057001003,18.6639446761442,18.5749912546059,18.4646101970402,18.5999183637264,18.5587084146818,18.2563868671625,18.1173743194212,18.5810298566671
"TRFE",22.3002676493638,22.4373152325919,22.3205831103171,22.2131579770569,21.8915884642252,21.6369225215195,22.2654263599315,21.5198995327616,22.2641427502132,21.4798963443988,22.4457181544922,22.2455880983208,22.0874523343357,21.695844982939,22.2464170829002,22.0015186560848,22.9511072100123,21.7773038395362,22.5360376278738,21.9411499686155,22.04602793202,21.8389253776552,21.8598865100081,21.6117084739225,21.5862758950729,21.6252685795048,21.8715187269812,22.3440133101978,22.2657300797318,22.3851443153285,22.2911191704122,22.4243800992123,22.6815522692839,22.3002335965213,22.6244858672227,22.8898073512592,22.1812557517861,22.1890836067191,22.5056396594511,22.3609336554229,22.6336164898361,22.1852733135228,22.7686554648775,22.4414390663906,22.0822126035973,22.0494695084909,21.8620492851469,21.5733207937754,22.1887170485324,21.8877457118069,22.3358805807457,22.2619898202186,22.0731677959847,22.8997383041433,22.2286025295132,22.4145149957311,22.7449502470994,20.5878303247598,22.0688593874647,22.4355216733945,21.8731884862112,22.7151781750814,22.8103029491834,22.1723312507005,22.2452248535023,21.9826794694023,22.5366421373066,22.0991229017112,22.4071651370247,22.4932359561599,22.1584009375494,22.8253429906272,22.2736087263476,22.1184852265333,22.5202629935556,22.3218530079995,21.8854600707338,22.3862182560626,22.1888847087819,21.7281290714796,21.7198090770482,21.4488528041139
"TTHY",19.2091153140806,18.0172982114383,18.4299032917221,18.4631819117863,18.0800084163985,17.7804926868781,18.466619320375,16.8376475439787,18.8469712151708,17.9536614334711,18.7003822229898,19.1587609646746,18.3083454227554,17.0732352336037,18.921314512521,18.5104463967823,18.9375267771485,17.5274214502713,18.2797685571621,18.8745570722656,18.5818250845213,18.1839141538587,17.1341668307497,17.9730739838215,17.4475871270369,18.2670311279417,17.7692331050969,18.826947240863,19.2409188663968,19.1897741597809,18.6301035538434,18.4819838007028,17.5475918833506,18.5383156525559,18.7656778504984,18.8392781803254,19.0353117287389,17.8577273583557,18.2321351057914,18.154954729117,19.6918887024268,17.7616887469899,18.9128596566128,18.3749746403369,17.8148852180128,18.1843953985606,18.0843702925833,18.2272007364028,19.25549135945,17.8245830845713,18.8292071616424,18.3535840410508,18.1650208225701,18.6159441079069,18.1969705572161,18.5151581174452,18.2903593505206,16.2975944889585,19.1611892869709,18.237848365136,18.0274807525538,18.9791498873984,18.8234022993984,19.2499356513369,18.5979898985771,17.6836204485133,18.3794915947155,17.7017074765653,18.8723923943249,18.2326753088454,18.6194743181901,18.5838409996757,18.7842517141365,17.9103945340858,18.2196132341287,18.751085390791,17.1599913281464,18.537781968617,17.8282242043104,18.784770334864,17.9103263447938,19.1201529328848
"VTNC",18.4142715372381,19.2928014985893,19.1130355747997,18.5328231704603,18.668412371774,19.5122546899412,19.2698251881238,19.1477007750421,19.0969697152182,18.2544677617492,18.704910006031,18.6034018383496,18.6155499812065,18.8153307672156,18.4453730806438,19.2662502910692,19.1823900852848,18.6466594441696,19.365906487543,19.177901712321,18.8226270639321,18.2213289523016,19.1060858593991,18.5347546052604,18.803083173697,18.9283620025559,19.1014338621192,18.7466254024331,18.8974616266818,19.2126699466186,18.8544760120808,18.665392782278,18.8404639901675,18.9517747192134,18.7903038226368,19.6591918790265,18.8775111673694,18.8944754169487,18.8116622949109,19.1506263259713,19.1638466033396,19.0842858872614,19.6594809650694,18.8166884644433,19.2695498659557,18.8903426046576,19.098418931605,18.943756789412,19.1256773300939,18.9878274522068,19.2103565597488,18.8331173649345,19.3851527192312,18.7622637199499,19.3213382834,18.6355884085603,18.5291279717613,18.8646141596235,18.6473260227756,19.0977734297597,18.8772535956013,19.2582558200436,19.1590208181641,18.7014151936787,18.8584703390409,19.4388521574955,18.6802164653637,19.1893571256363,19.0333436247441,19.1070169430335,18.9312963791392,19.0143397145184,18.5331714459564,19.1309977374402,18.7606562607015,19.2993522281757,18.8295761460838,19.0571703134358,19.1447212934279,18.8043805803349,18.7131908578959,18.7898415415273
